﻿<parameters>
  <parameter name="IIS Web Application Name" defaultValue="Default Web Site/" tags="IisApp">
    <parameterEntry kind="ProviderPath" scope="IisApp" match="^D:\\Development\\Git-Repository\\li-watermellon\\Watermellons\\Watermellons\\obj\\Debug\\Package\\PackageTmp$" />
    <parameterEntry kind="ProviderPath" scope="setAcl" match="^D:\\Development\\Git-Repository\\li-watermellon\\Watermellons\\Watermellons\\obj\\Debug\\Package\\PackageTmp$" />
  </parameter>
  <parameter name="WatermellonConnectionString-Web.config Connection String" description="WatermellonConnectionString Connection String used in web.config by the application to access the database." defaultValue="Data Source=watermellon.c6l7zcpszonh.ap-southeast-2.rds.amazonaws.com;Database=Watermellon;Integrated Security=False;User ID=watermellonadmin;Password=watermellonpass;Connect Timeout=30;Encrypt=False;TrustServerCertificate=True;ApplicationIntent=ReadWrite;MultiSubnetFailover=False" tags="SqlConnectionString">
    <parameterEntry kind="XmlFile" scope="D:\\Development\\Git-Repository\\li-watermellon\\Watermellons\\Watermellons\\obj\\Debug\\Package\\PackageTmp\\Web\.config$" match="/configuration/connectionStrings/add[@name='WatermellonConnectionString']/@connectionString" />
  </parameter>
  <parameter name="LocalWatermellonConnectionString-Web.config Connection String" description="LocalWatermellonConnectionString Connection String used in web.config by the application to access the database." defaultValue="Data Source=BRENT-ASUS\MSSQLSERVER01;Initial Catalog=Watermellon;MultipleActiveResultSets=True;Trusted_Connection=Yes" tags="SqlConnectionString">
    <parameterEntry kind="XmlFile" scope="D:\\Development\\Git-Repository\\li-watermellon\\Watermellons\\Watermellons\\obj\\Debug\\Package\\PackageTmp\\Web\.config$" match="/configuration/connectionStrings/add[@name='LocalWatermellonConnectionString']/@connectionString" />
  </parameter>
</parameters>